{"waypoints":[{"anchorPoint":{"x":3.150052942066253,"y":0.2666011193465436},"prevControl":null,"nextControl":{"x":4.150052942066252,"y":0.2666011193465436},"holonomicAngle":0.0,"isReversal":false,"velOverride":null,"isLocked":false},{"anchorPoint":{"x":4.522765088488883,"y":0.2666011193465436},"prevControl":{"x":3.5227650884888826,"y":0.2666011193465436},"nextControl":null,"holonomicAngle":0.0,"isReversal":false,"velOverride":null,"isLocked":false}],"maxVelocity":1.0,"maxAcceleration":0.5,"isReversed":null}